MMSSMILLSC,Minutes/Secs/Milliseconds
,
3155151933,
3155152709,
3155153469,
3155154228,
3155154997,
3155155765,
3155156530,
3155157295,
3155158060,
3155158825,
3155159595,
3155160369,
3155161141,
3155161913,
3155162684,
3155163458,
3155164235,
3155165011,
3155165786,
3155166562,
3155167319,
3155168051,
3155168784,
3155169517,
3155170250,
3155170982,
3155171714,
3155172470,
3155173206,
3155173939,
3155174671,
3155175404,
3155176136,
3155176868,
3155177601,
3155178333,
3155179065,
3155179797,
3155180529,
3155181261,
3155181992,
3155182726,
3155183458,
3155184191,
3155184923,
3155185655,
3155186391,
3155187146,
3155187901,
3155188657,
3155189412,
3155190167,
3155190902,
3155191634,
3155192380,
3155193114,
3155193847,
3155194579,
3155195311,
3155196044,
3155196779,
3155197510,
3155198243,
3155198976,
3155199708,
3155200440,
3155201172,
3155201903,
3155202624,
3155203363,
3155204367,
3155205115,
3155205826,
3155206554,
3155207311,
3155208066,
3155208821,
3155209577,
3155210330,
3155211062,
3155211794,
3155212527,
3155213259,
3155213992,
3155214725,
3155215457,
3155216188,
3155216920,
3155217652,
3155218384,
3155219116,
3155219848,
3155220582,
3155221314,
3155222046,
3155222778,
3155223523,
3155224257,
3155224990,
3155225722,
3155226462,
3155227218,
3155227973,
3155228729,
3155229484,
3155230239,
3155230972,
3155231704,
3155232436,
3155233167,
3155233901,
3155234632,
3155235364,
3155236096,
3155236828,
3155237561,
3155238293,
3155239024,
3155239756,
3155240488,
3155241219,
3155241951,
3155242683,
3155243425,
3155244161,
3155244895,
3155245628,
3155246365,
3155247121,
3155247876,
3155248632,
3155249387,
3155250141,
3155250875,
3155251607,
3155252339,
3155253071,
3155253804,
3155254536,
3155255268,
3155256000,
3155256733,
3155257464,
3155258196,
3155258928,
3155259660,
3155260392,
3155261124,
3155261856,
3155262588,
3155263320,
3155264066,
3155264799,
3155265530,
3155266265,
3155267028,
3155267785,
3155268542,
3155269297,
3155270053,
3155270790,
3155271522,
3155272254,
3155272986,
3155273718,
3155274450,
3155275182,
3155275914,
3155276648,
3155277380,
3155278113,
3155278844,
3155279576,
3155280308,
3155281041,
3155281772,
3155282503,
3155283235,
3155283975,
3155284709,
3155285441,
3155286174,
3155286929,
3155287684,
3155288440,
3155289195,
3155289950,
3155290689,
3155291421,
3155292153,
3155292886,
3155293619,
3155294352,
3155295084,
3155295816,
3155296547,
3155297279,
3155298011,
3155298743,
3155299475,
3155300207,
3155300940,
3155301672,
3155302397,
3155303103,
3155303817,
3155304526,
3155305233,
3155305940,
3155306680,
3155307435,
3155308190,
3155308946,
3155309702,
3155310448,
3155311180,
3155311912,
3155312644,
3155313376,
3155314110,
3155314842,
3155315574,
3155316307,
3155317040,
3155317772,
3155318516,
3155319271,
3155320026,
3155320782,
3155321537,
3155322287,
3155323019,
3155323760,
3155324494,
3155325227,
3155325959,
3155326691,
3155327423,
3155328154,
3155328886,
3155329618,
3155330350,
3155331081,
3155331813,
3155332545,
3155333277,
3155334010,
3155334742,
3155335473,
3155336206,
3155336939,
3155337671,
3155338412,
3155339166,
3155339922,
3155340679,
3155341434,
3155342188,
3155342921,
3155343665,
3155344399,
3155345132,
3155345864,
3155346597,
3155347329,
3155348061,
3155348793,
3155349525,
3155350257,
3155350990,
3155351721,
3155352453,
3155353185,
3155353918,
3155354650,
3155355382,
3155356114,
3155356847,
3155357579,
3155358316,
3155359071,
3155359827,
3155360582,
3155361337,
3155362093,
3155362826,
3155363567,
3155364305,
3155365038,
3155365770,
3155366502,
3155367234,
3155367966,
3155368698,
3155369430,
3155370162,
3155370894,
3155371626,
3155372357,
3155373089,
3155373822,
3155374554,
3155375286,
3155376018,
3155376750,
3155377483,
3155378218,
3155378973,
3155379728,
3155380483,
3155381238,
3155381993,
3155382729,
3155383461,
3155384207,
3155384940,
3155385672,
3155386404,
3155387136,
3155387868,
3155388601,
3155389333,
3155390066,
3155390798,
3155391530,
3155392262,
3155392995,
3155393728,
3155394460,
3155395193,
3155395925,
3155396656,
3155397388,
3155398121,
3155398876,
3155399630,
3155400385,
3155401141,
3155401897,
3155402636,
3155403368,
3155404108,
3155404842,
3155405575,
3155406313,
3155407068,
3155407823,
3155408578,
3155409333,
3155410089,
3155410844,
3155411599,
3155412356,
3155413111,
3155413868,
3155414607,
3155415339,
3155416070,
3155416803,
3155417534,
3155418271,
3155419026,
3155419781,
3155420554,
3155421312,
3155422067,
3155422801,
3155423534,
3155424265,
3155424997,
3155425729,
3155426461,
3155427193,
3155427925,
3155428657,
3155429389,
3155430123,
3155430855,
3155431588,
3155432320,
3155433052,
3155433784,
3155434502,
3155435209,
3155435917,
3155436624,
3155437331,
3155438038,
3155438790,
3155439545,
3155440311,
3155441068,
3155441824,
3155442564,
3155443297,
3155444029,
3155444762,
3155445494,
3155446226,
3155446959,
3155447691,
3155448423,
3155449155,
3155449887,
3155450621,
3155451353,
3155452085,
3155452817,
3155453548,
3155463320,
3155464055,
3155464788,
3155465521,
3155466259,
3155467015,
3155467771,
3155468527,
3155469282,
3155470038,
3155470772,
3155471505,
3155472237,
3155472970,
3155473702,
3155474434,
3155475166,
3155475899,
3155476655,
3155477390,
3155478124,
3155478879,
3155479635,
3155480398,
3155481156,
3155481911,
3155482648,
3155483380,
3155484112,
3155484844,
3155485577,
3155486309,
3155487044,
3155487776,
3155488508,
3155489239,
3155489972,
3155490704,
3155491436,
3155492168,
3155492900,
3155493631,
3155494373,
3155495129,
3155495883,
3155496640,
3155497395,
3155498150,
3155498905,
3155499659,
3155500423,
3155501180,
3155501936,
3155502672,
3155503404,
3155504137,
3155504870,
3155505602,
3155506333,
3155507065,
3155507797,
3155508529,
3155509262,
3155509993,
3155510728,
3155511460,
3155512192,
3155512924,
3155513656,
3155514388,
3155515120,
3155515852,
3155516584,
3155517316,
3155518048,
3155518803,
3155519559,
3155520324,
3155521084,
3155521839,
3155522578,
3155523310,
3155524042,
3155524774,
3155525506,
3155526245,
3155526999,
3155527754,
3155528509,
3155529264,
3155530019,
3155530776,
3155531531,
3155532287,
3155533042,
3155533798,
3155534538,
3155535272,
3155536004,
3155536736,
3155537468,
3155538205,
3155538960,
3155539715,
3155540479,
3155541236,
3155541991,
3155542725,
3155543457,
3155544189,
3155544921,
3155545652,
3155546384,
3155547117,
3155547849,
3155548581,
3155549313,
3155550045,
3155550778,
3155551511,
3155552243,
3155552975,
3155553707,
3155554439,
3155555171,
3155555903,
3155556635,
3155557367,
3155558102,
3155558859,
3155559614,
3155560381,
3155561140,
3155561895,
3155562631,
3155563363,
3155564096,
3155564828,
3155565560,
3155566292,
3155567024,
3155567756,
3155568488,
3155569220,
3155569953,
3155570708,
3155571462,
3155572217,
3155572972,
3155573726,
3155574468,
3155575200,
3155575932,
3155576664,
3155577395,
3155578131,
3155578885,
3155579640,
3155580407,
3155581166,
3155581921,
3155582657,
3155583390,
3155584122,
3155584854,
3155585585,
3155586317,
3155587049,
3155587781,
3155588513,
3155589245,
3155589978,
3155590711,
3155591444,
3155592176,
3155592907,
3155593639,
3155594383,
3155595138,
3155595893,
3155596648,
3155597403,
3155598158,
3155598914,
3155599669,
3155600434,
3155601193,
3155601949,
3155602683,
3155603414,
3155604146,
3155604878,
3155605610,
3155606343,
3155607076,
3155607808,
3155608539,
3155609271,
3155610003,
3155610736,
3155611468,
3155612199,
3155612931,
3155613663,
3155614381,
3155615087,
3155615794,
3155616500,
3155617207,
3155617914,
3155618683,
3155619458,
3155620233,
3155621023,
3155621800,
3155622543,
3155623276,
3155624008,
3155624740,
3155625473,
3155626205,
3155626937,
3155627668,
3155628400,
3155629132,
3155629863,
3155630596,
3155631330,
3155632061,
3155632794,
3155633526,
3155634258,
3155634990,
3155635722,
3155636454,
3155637186,
3155637918,
3155638672,
3155639426,
3155640181,
3155640946,
3155641704,
3155642445,
3155643176,
3155643909,
3155644640,
3155645373,
3155646110,
3155646865,
3155647620,
3155648375,
3155649130,
3155649885,
3155650620,
3155651352,
3155652084,
3155652816,
3155653547,
3155654279,
3155655012,
3155655744,
3155656476,
3155657207,
3155657939,
3155658693,
3155659449,
3155660204,
3155660968,
3155661725,
3155662465,
3155663197,
3155663930,
3155664662,
3155665394,
3155666126,
3155666858,
3155667590,
3155668321,
3155669053,
3155669784,
3155670518,
3155671250,
3155671982,
3155672714,
3155673445,
3155674178,
3155674909,
3155675641,
3155676373,
3155677105,
3155677836,
3155678588,
3155679345,
3155680100,
3155680864,
3155681622,
3155682350,
3155683057,
3155683764,
3155684471,
3155685178,
3155685885,
3155686636,
3155687391,
3155688146,
3155688901,
3155689656,
3155690399,
3155691131,
3155691862,
3155692594,
3155693326,
3155694059,
3155694791,
3155695523,
3155696254,
3155696986,
3155697717,
3155698466,
3155699220,
3155699975,
3155700738,
3155701496,
3155702231,
3155702940,
3155703647,
3155704353,
3155705061,
3155705767,
3155706493,
3155707225,
3155707957,
3155708689,
3155709420,
3155710144,
3155710852,
3155711558,
3155712264,
3155712970,
3155713677,
3155714400,
3155715132,
3155715864,
3155716596,
3155717328,
3155718065,
3155718819,
3155719574,
3155720329,
3155721097,
3155721854,
3155722588,
3155723321,
3155724054,
3155724786,
3155725518,
3155726250,
3155726983,
3155727716,
3155728447,
3155729180,
3155729913,
3155730669,
3155731424,
3155732178,
3155732934,
3155733689,
3155734428,
3155735161,
3155735893,
3155736625,
3155737357,
3155738095,
3155738849,
3155739604,
3155740358,
3155741126,
3155741883,
3155742616,
3155743348,
3155744080,
3155744812,
3155745544,
3155746288,
3155747043,
3155747798,
3155748553,
3155749308,
3155750063,
3155750820,
3155751576,
3155752331,
3155753086,
3155753842,
3155754576,
3155755308,
3155756039,
3155756772,
3155757505,
3155758247,
3155759002,
3155759757,
3155760532,
3155761325,
3155762087,
3155762844,
3155763600,
3155764355,
3155765108,
3155765908,
3155766640,
3155767371,
3155768102,
3155768833,
3155769563,
3155770293,
3155771025,
3155771756,
3155772486,
3155773216,
3155773947,
3155774677,
3155775408,
3155776138,
3155776868,
3155777598,
3155778343,
3155779095,
3155779848,
3155780603,
3155781356,
3155782102,
3155782833,
3155783562,
3155784293,
3155785037,
3155785769,
3155786499,
3155787229,
3155787959,
3155788689,
3155789418,
3155790148,
3155790879,
3155791609,
3155792338,
3155793068,
3155793798,
3155794549,
3155795303,
3155796055,
3155796808,
3155797561,
3155798300,
3155799030,
3155799760,
3155800490,
3155801220,
3155801950,
3155802680,
3155803409,
3155804139,
3155804870,
3155805599,
3155806329,
3155807059,
3155807789,
3155808518,
3155809265,
3155809996,
3155810726,
3155811456,
3155812185,
3155812916,
3155813646,
3155814392,
3155815144,
3155815897,
3155816650,
3155817402,
3155818155,
3155818909,
3155819662,
3155820415,
3155821167,
3155821918,
3155822648,
3155823377,
3155824107,
3155824837,
3155825566,
3155826296,
3155827027,
3155827757,
3155828487,
3155829218,
3155829948,
3155830677,
3155831406,
3155832136,
3155832866,
3155833595,
3155834324,
3155835053,
3155835783,
3155836512,
3155837241,
3155837975,
3155838729,
3155839481,
3155840233,
3155840986,
3155841738,
3155842472,
3155843202,
3155843931,
3155844661,
3155845390,
3155846121,
3155846850,
3155847580,
3155848310,
3155849041,
3155849770,
3155850500,
3155851240,
3155851972,
3155852702,
3155853432,
3155854162,
3155854891,
3155855621,
3155856351,
3155857080,
3155857810,
3155858562,
3155859315,
3155860067,
3155860821,
3155861574,
3155862296,
3155863001,
3155863705,
3155864409,
3155865113,
3155865817,
3155866570,
3155867322,
3155868075,
3155868828,
3155869580,
3155870317,
3155871049,
3155871779,
3155872509,
3155873238,
3155873967,
3155874696,
3155875442,
3155876173,
3155876902,
3155877632,
3155878361,
3155879090,
3155879820,
3155880549,
3155881278,
3155882008,
3155882737,
3155883467,
3155884196,
3155884927,
3155885657,
3155886386,
3155887115,
3155887845,
3155888575,
3155889304,
3155890040,
3155890793,
3155891546,
3155892299,
3155893052,
3155893804,
3155894535,
3155895266,
3155895995,
3155896725,
3155897454,
3155898196,
3155898959,
3155899714,
3155900466,
3155901219,
3155901967,
3155902697,
3155903427,
3155904156,
3155904886,
3155905616,
3155906345,
3155907075,
3155907805,
3155908534,
3155909265,
3155909994,
3155910724,
3155911454,
3155912183,
3155912913,
3155913643,
3155914373,
3155915102,
3155915831,
3155916561,
3155917290,
3155918027,
3155918781,
3155919534,
3155920286,
3155921039,
3155921791,
3155922521,
3155923263,
3155923994,
3155924724,
3155925454,
3155926183,
3155926913,
3155927643,
3155928373,
3155929102,
3155929832,
3155930562,
3155931291,
3155932021,
3155932752,
3155933481,
3155934211,
3155934941,
3155935670,
3155936399,
3155937129,
3155937861,
3155938613,
3155939366,
3155940118,
3155940871,
3155941623,
3155942376,
3155943130,
3155943883,
3155944635,
3155945388,
3155946130,
3155946913,
3155947661,
3155948395,
3155949128,
3155949861,
3155950593,
3155951325,
3155952058,
3155952790,
3155953521,
3155954253,
3155954984,
3155955717,
3155956449,
3155957183,
3155957919,
3155958674,
3155959429,
3155960184,
3155960940,
3155961695,
3155962430,
3155963162,
3155963894,
3155964626,
3155965358,
3155966090,
3155966830,
3155967565,
3155968297,
3155969029,
3155969761,
3155970493,
3155971227,
3155971959,
3155972691,
3155973422,
3155974167,
3155974922,
3155975677,
3155976432,
3155977188,
3155977944,
3155978698,
3155979454,
3155980266,
3155981027,
3155981788,
3155982522,
3155983255,
3155983988,
3155984720,
3155985452,
3155986169,
3155986876,
3155987583,
3155988290,
3155988997,
3155989703,
3155990457,
3155991212,
3155991968,
3155992723,
3155993478,
3155994219,
3155994952,
3155995685,
3155996417,
3155997149,
3155997881,
3155998614,
3155999345,
3156000083,
3156000817,
3156001549,
3156002281,
3156003013,
3156003745,
3156004477,
3156005209,
3156005941,
3156006676,
3156007410,
3156008142,
3156008875,
3156009606,
3156010359,
3156011114,
3156011868,
3156012623,
3156013378,
3156014121,
3156014853,
3156015585,
3156016316,
3156017049,
3156017780,
3156018512,
3156019245,
3156019977,
3156020717,
3156021449,
3156022182,
3156022914,
3156023646,
3156024378,
3156025110,
3156025842,
3156026574,
3156027305,
3156028037,
3156028769,
3156029501,
3156030256,
3156031013,
3156031769,
3156032524,
3156033280,
3156034017,
3156034724,
3156035430,
3156036137,
3156036844,
3156037551,
3156038276,
3156039007,
3156039739,
3156040477,
3156041210,
3156041943,
3156042675,
3156043408,
3156044139,
3156044872,
3156045604,
3156046336,
3156047068,
3156047800,
3156048532,
3156049264,
3156050004,
3156050761,
3156051516,
3156052272,
3156053027,
3156053781,
3156054512,
3156055244,
3156055976,
3156056709,
3156057441,
3156058173,
3156058905,
3156059636,
3156060372,
3156061105,
3156061837,
3156062569,
3156063301,
3156064034,
3156064765,
3156065497,
3156066229,
3156078859,
3156079593,
3156080334,
3156081068,
3156081803,
3156082558,
3156083314,
3156084069,
3156084824,
3156085579,
3156086314,
3156087046,
3156087778,
3156088512,
3156089244,
3156089985,
3156090740,
3156091495,
3156092250,
3156093005,
3156093759,
3156094514,
3156095268,
3156096024,
3156096778,
3156097533,
3156098272,
3156099004,
3156099736,
3156100476,
3156101210,
3156101950,
3156102707,
3156103462,
3156104217,
3156104972,
3156105727,
3156106482,
3156107237,
3156107992,
3156108748,
3156109503,
3156110259,
3156111015,
3156111770,
3156112525,
3156113281,
3156114027,
3156114759,
3156115491,
3156116222,
3156116954,
3156117686,
3156118441,
3156119195,
3156119951,
3156120713,
3156121470,
3156122241,
3156123018,
3156123793,
3156124569,
3156125344,
3156126109,
3156126865,
3156127620,
3156128375,
3156129131,
3156129880,
3156130613,
3156131344,
3156132076,
3156132808,
3156133540,
3156134291,
3156135046,
3156135801,
3156136555,
3156137311,
3156138054,
3156138802,
3156139536,
3156140269,
3156141001,
3156141738,
3156142513,
3156143288,
3156144063,
3156144838,
3156145614,
3156146350,
3156147082,
3156147814,
3156148546,
3156149279,
3156150012,
3156150745,
3156151478,
3156152209,
3156152942,
3156153674,
3156154406,
3156155138,
3156155870,
3156156602,
3156157335,
3156158066,
3156158811,
3156159544,
3156160277,
3156161008,
3156161744,
3156162499,
3156163254,
3156164008,
3156164763,
3156165518,
3156166254,
3156166987,
3156167718,
3156168450,
3156169183,
3156169924,
3156170679,
3156171434,
3156172189,
3156172944,
3156173698,
3156174432,
3156175163,
3156175895,
3156176627,
3156177365,
3156178099,
3156178831,
3156179563,
3156180295,
3156181026,
3156181762,
3156182517,
3156183272,
3156184027,
3156184782,
3156185536,
3156186291,
3156187047,
3156187803,
3156188559,
3156189313,
3156190042,
3156190749,
3156191455,
3156192161,
3156192868,
3156193575,
3156194305,
3156195036,
3156195768,
3156196500,
3156197241,
3156197964,
3156198672,
3156199379,
3156200086,
3156200792,
3156201499,
3156202246,
3156203001,
3156203756,
3156204510,
3156205265,
3156206009,
3156206740,
3156207474,
3156208206,
3156208938,
3156209670,
3156210402,
3156211134,
3156211866,
3156212631,
3156213430,
3156214166,
3156214900,
3156215632,
3156216365,
3156217097,
3156217829,
3156218561,
3156219293,
3156220026,
3156220757,
3156221489,
3156222242,
3156222998,
3156223754,
3156224510,
3156225265,
3156226008,
3156226739,
3156227471,
3156228203,
3156228935,
3156229668,
3156230423,
3156231178,
3156231933,
3156232702,
3156233459,
3156234197,
3156234929,
3156235660,
3156236392,
3156237124,
3156237856,
3156238587,
3156239319,
3156240051,
3156240783,
3156241515,
3156242267,
3156243023,
3156243779,
3156244534,
3156245290,
3156246018,
3156246726,
3156247433,
3156248139,
3156248845,
3156249552,
3156250282,
3156251014,
3156251746,
3156252477,
3156253257,
3156253978,
3156254686,
3156255392,
3156256099,
3156256805,
3156257512,
3156258241,
3156258973,
3156259705,
3156260438,
3156261170,
3156261911,
3156262667,
3156263422,
3156264176,
3156264931,
3156265683,
3156266415,
3156267147,
3156267879,
3156268611,
3156269343,
3156270075,
3156270807,
3156271539,
3156272270,
3156273011,
3156273744,
3156274476,
3156275208,
3156275940,
3156276672,
3156277404,
3156278136,
3156278867,
3156279599,
3156280331,
3156281062,
3156281801,
3156282556,
3156283312,
3156284067,
3156284824,
3156285579,
3156286311,
3156287043,
3156287775,
3156288506,
3156289238,
3156289974,
3156290683,
3156291390,
3156292097,
3156292803,
3156293510,
3156294240,
3156294972,
3156295704,
3156296436,
3156297168,
3156297900,
3156298633,
3156299365,
3156300098,
3156300830,
3156301563,
3156302317,
3156303073,
3156303827,
3156304582,
3156305336,
3156306075,
3156306806,
3156307537,
3156308271,
3156309003,
3156309748,
3156310483,
3156311215,
3156311947,
3156312679,
3156313410,
3156314142,
3156314874,
3156315605,
3156316338,
3156317069,
3156317793,
3156318499,
3156319206,
3156319914,
3156320620,
3156321327,
3156322067,
3156322825,
3156323581,
3156324335,
3156325090,
3156325827,
3156326534,
3156327240,
3156327946,
3156328653,
3156329359,
3156330121,
3156330861,
3156331593,
3156332324,
3156333055,
3156333778,
3156334482,
3156335187,
3156335892,
3156336596,
3156337301,
3156338022,
3156338752,
3156339482,
3156340213,
3156340942,
3156341676,
3156342429,
3156343182,
3156343935,
3156344688,
3156345441,
3156346174,
3156346904,
3156347633,
3156348363,
3156349092,
3156349823,
3156350552,
3156351281,
3156352010,
3156352740,
3156353469,
3156354210,
3156354942,
3156355672,
3156356402,
3156357132,
3156357862,
3156358591,
3156359321,
3156360051,
3156360780,
3156361510,
3156362263,
3156363016,
3156363770,
3156364523,
3156365276,
3156365997,
3156366701,
3156367406,
3156368110,
3156368815,
3156369519,
3156370248,
3156370978,
3156371707,
3156372437,
3156373166,
3156373909,
3156374662,
3156375415,
3156376168,
3156376920,
3156377681,
3156378422,
3156379155,
3156379887,
3156380665,
3156381399,
3156382151,
3156382906,
3156383660,
3156384416,
3156385171,
3156385914,
3156386646,
3156387378,
3156388110,
3156388843,
3156389575,
3156390308,
3156391039,
3156391771,
3156392503,
3156393235,
3156393981,
3156394736,
3156395491,
3156396246,
3156397001,
3156397747,
3156398456,
3156399163,
3156399869,
3156400575,
3156401282,
3156402007,
3156402738,
3156403470,
3156404202,
3156404933,
3156405665,
3156406397,
3156407128,
3156407861,
3156408593,
3156409324,
3156410056,
3156410788,
3156411519,
3156412252,
3156412983,
3156413722,
3156414477,
3156415232,
3156415987,
3156416741,
3156417496,
3156418234,
3156418967,
3156419699,
3156420471,
3156421207,
3156421954,
3156422709,
3156423465,
3156424221,
3156424976,
3156425725,
3156426456,
3156427188,
3156427920,
3156428652,
3156429384,
3156430115,
3156430849,
3156431581,
3156432312,
3156433044,
3156433776,
3156434507,
3156435239,
3156435971,
3156436702,
3156437434,
3156438171,
3156438905,
3156439637,
3156440369,
3156441100,
3156441844,
3156442599,
3156443354,
3156444109,
3156444866,
3156445621,
3156446375,
3156447131,
3156447887,
3156448643,
3156449397,
3156450132,
3156450864,
3156451597,
3156452328,
3156453060,
3156453792,
3156454524,
3156455256,
3156455988,
3156456720,
3156457452,
3156458188,
3156458921,
3156459652,
3156460384,
3156461116,
3156461860,
3156462615,
3156463370,
3156464126,
3156464880,
3156465635,
3156466390,
3156467145,
3156467901,
3156468664,
3156469432,
3156470167,
3156470899,
3156471632,
3156472364,
3156473096,
3156473828,
3156474560,
3156475292,
3156476024,
3156476756,
3156477488,
3156478219,
3156478952,
3156479684,
3156480416,
3156481171,
3156481920,
3156482680,
3156483436,
3156484192,
3156484947,
3156485696,
3156486428,
3156487160,
3156487892,
3156488624,
3156489355,
3156490108,
3156490863,
3156491639,
3156492397,
3156493153,
3156493894,
3156494626,
3156495358,
3156496090,
3156496822,
3156497558,
3156498312,
3156499068,
3156499823,
3156500578,
3156501337,
3156502095,
3156502850,
3156503605,
3156504360,
3156505115,
3156505871,
3156506626,
3156507381,
3156508135,
3156508891,
3156509647,
3156510402,
3156511156,
3156511910,
3156512665,
3156513420,
3156514153,
3156514885,
3156515617,
3156516351,
3156517082,
3156517814,
3156518547,
3156519291,
3156520032,
3156520777,
3156521513,
3156522268,
3156523023,
3156523778,
3156524534,
3156525289,
3156526044,
3156526799,
3156527554,
3156528309,
3156529065,
3156529809,
3156530541,
3156531273,
3156532004,
3156532736,
3156533468,
3156534199,
3156534931,
3156535663,
3156536395,
3156537127,
3156537844,
3156538551,
3156539263,
3156539971,
3156540679,
3156541386,
3156542139,
3156542894,
3156543649,
3156544404,
3156545159,
3156545915,
3156546670,
3156547425,
3156548181,
3156548937,
3156549684,
3156550415,
3156551148,
3156551880,
3156552611,
3156553343,
3156554075,
3156554807,
3156555539,
3156556270,
3156557002,
3156557734,
3156558465,
3156559202,
3156559936,
3156560667,
3156561399,
3156562154,
3156562910,
3156563665,
3156564421,
3156565176,
3156565931,
3156566686,
3156567441,
3156568196,
3156568952,
3156569698,
3156570430,
3156571162,
3156571894,
3156572626,
3156573358,
3156574090,
3156574833,
3156575567,
3156576299,
3156577031,
3156577775,
3156578530,
3156579289,
3156580046,
3156580807,
3156581560,
3156582292,
3156583024,
3156583757,
3156584488,
3156585221,
3156585953,
3156586684,
3156587416,
3156588148,
3156588882,
3156589614,
3156590346,
3156591078,
3156591810,
3156592542,
3156593274,
3156594006,
3156594738,
3156595470,
3156596202,
3156596933,
3156597674,
3156598429,
3156599190,
3156599946,
3156600701,
3156601454,
3156602186,
3156602919,
3156603651,
3156604383,
3156605115,
3156605848,
3156606579,
3156607311,
3156608043,
3156608774,
3156609507,
3156610240,
3156610972,
3156611704,
3156612437,
3156613169,
3156613902,
3156614633,
3156615365,
3156616097,
3156616829,
3156617567,
3156618322,
3156619084,
3156619841,
3156620596,
3156621352,
3156622086,
3156622819,
3156623551,
3156624282,
3156625014,
3156625758,
3156626513,
3156627268,
3156628023,
3156628778,
3156629530,
3156630262,
3156630994,
3156631726,
3156632459,
3156633191,
3156633922,
3156634654,
3156635386,
3156636119,
3156636852,
3156637591,
3156638346,
3156639107,
3156639864,
3156640620,
3156641376,
3156642108,
3156642839,
3156643571,
3156644302,
3156645034,
3156645766,
3156646498,
3156647229,
3156647961,
3156648693,
3156649426,
3156650158,
3156650890,
3156651622,
3156652354,
3156653085,
3156653816,
3156654548,
3156655280,
3156656012,
3156656744,
3156657480,
3156658235,
3156658990,
3156659754,
3156660511,
3156661266,
3156662001,
3156662733,
3156663464,
3156664196,
3156664928,
3156665659,
3156666391,
3156667123,
3156667855,
3156668587,
3156669320,
3156670052,
3156670785,
3156671517,
3156672249,
3156672981,
3156673701,
3156674407,
3156675114,
3156675821,
3156676527,
3156677234,
3156677982,
3156678737,
3156679495,
3156680251,
3156681006,
3156681749,
3156682481,
3156683756,
3156684499,
3156685240,
3156686001,
3156686764,
3156687528,
3156688292,
3156689056,
3156689804,
3156690544,
3156691284,
3156692023,
3156692763,
3156693504,
3156694244,
3156694984,
3156695725,
3156696465,
3156697205,
3156697964,
3156698728,
3156699497,
3156700255,
3156701010,
3156701752,
3156702484,
3156703215,
3156703947,
3156704680,
3156705412,
3156706144,
3156706877,
3156707610,
3156708342,
3156709075,
3156709807,
3156710539,
3156711271,
3156712004,
3156712737,
3156713474,
3156714229,
3156714984,
3156715739,
3156716494,
3156717248,
3156718004,
3156718759,
3156719523,
3156720280,
3156721036,
3156721777,
3156722509,
3156723241,
3156723973,
3156724704,
3156725437,
3156726168,
3156726900,
3156727632,
3156728363,
3156729095,
3156729828,
3156730560,
3156731293,
3156732024,
3156732756,
3156733488,
3156734220,
3156734951,
3156735683,
3156736415,
3156737146,
3156737897,
3156738652,
3156739418,
3156740176,
3156740931,
3156741662,
3156742369,
3156743076,
3156743783,
3156744489,
3156745197,
3156745926,
3156746657,
3156747389,
3156748121,
3156748853,
3156749577,
3156750283,
3156750990,
3156751697,
3156752403,
3156753110,
3156753853,
3156754607,
3156755363,
3156756118,
3156756873,
3156757608,
3156758315,
3156759021,
3156759739,
3156760448,
3156761155,
3156761882,
3156762614,
3156763346,
3156764078,
3156764809,
3156765533,
3156766239,
3156766947,
3156767653,
3156768360,
3156769067,
3156769793,
3156770524,
3156771257,
3156771990,
3156772722,
3156773459,
3156774214,
3156774969,
3156775724,
3156776478,
3156777233,
3156777989,
3156778744,
3156779527,
3156780285,
3156781041,
3156781796,
3156782551,
3156783307,
3156784062,
3156784817,
3156785564,
3156786296,
3156787028,
3156787760,
3156788492,
3156789225,
3156789957,
3156790689,
3156791421,
3156792153,
3156792885,
3156793628,
3156794383,
3156795137,
3156795893,
3156796648,
3156797400,
3156798132,
3156798880,
3156799615,
3156800347,
3156801079,
3156801828,
3156802583,
3156803339,
3156804094,
3156804849,
3156805595,
3156806326,
3156807058,
3156807789,
3156808521,
3156809254,
3156809986,
3156810718,
3156811451,
3156812183,
3156812915,
3156813659,
3156814414,
3156815169,
3156815924,
3156816679,
3156817430,
3156818161,
3156818907,
3156819641,
3156820373,
3156821105,
3156821837,
3156822569,
3156823300,
3156824032,
3156824764,
3156825487,
3156826193,
3156826900,
3156827606,
3156828313,
3156829020,
3156829744,
3156830476,
3156831207,
3156831939,
3156832670,
3156833408,
3156834163,
3156834917,
3156835672,
3156836427,
3156837182,
3156837916,
3156838648,
3156839393,
3156840126,
3156840858,
3156841590,
3156842322,
3156843055,
3156843787,
3156844519,
3156845251,
3156845982,
3156846714,
3156847446,
3156848178,
3156848911,
3156849656,
3156850410,
3156851166,
3156851921,
3156852676,
3156853426,
3156854157,
3156854889,
3156855621,
3156856352,
3156857084,
3156857816,
3156858548,
3156859289,
3156860023,
3156860755,
3156861479,
3156862185,
3156862892,
3156863599,
3156864305,
3156865012,
3156865736,
3156866468,
3156867199,
3156867931,
3156868663,
3156869401,
3156870156,
3156870910,
3156871665,
3156872420,
3156873175,
3156873909,
3156874640,
3156875373,
3156876105,
3156876837,
3156877569,
3156878300,
3156879042,
3156879776,
3156880508,
3156881240,
3156881972,
3156882703,
3156883435,
3156884167,
3156884899,
3156885630,
3156886361,
3156887094,
3156887825,
3156888557,
3156889294,
3156890070,
3156890845,
3156891621,
3156892396,
3156893170,
3156893906,
3156894637,
3156895369,
3156896101,
3156896833,
3156897552,
3156898258,
3156898978,
3156899688,
3156900395,
3156901102,
3156901830,
3156902563,
3156903295,
3156904027,
3156904758,
3156905490,
3156906222,
3156906954,
3156907685,
3156908418,
3156909151,
3156909904,
3156910659,
3156911414,
3156912169,
3156912924,
3156913665,
3156914396,
3156915139,
3156915873,
3156916606,
3156917338,
3156918070,
3156918802,
3156919534,
3156920266,
3156920999,
3156921731,
3156922462,
3156923196,
3156923929,
3156924661,
3156925394,
3156926126,
3156926858,
3156927590,
3156928322,
3156929054,
3156929805,
3156930559,
3156931314,
3156932069,
3156932824,
3156933555,
3156934261,
3156934980,
3156935689,
3156936396,
3156937103,
3156937832,
3156938564,
3156939296,
3156940028,
3156940760,
3156941482,
3156942188,
3156942894,
3156943601,
3156944308,
3156945015,
3156945742,
3156946474,
3156947207,
3156947939,
3156948671,
3156949403,
3156950134,
3156950866,
3156951598,
3156952329,
3156953061,
3156953793,
3156954524,
3156955266,
3156956000,
3156956732,
3156957465,
3156958197,
3156958930,
3156959662,
3156960394,
3156961126,
3156961858,
3156962590,
3156963322,
3156964054,
3156964786,
3156965508,
3156966215,
3156966922,
3156967628,
3156968335,
3156969042,
3156969788,
3156970543,
3156971300,
3156972055,
3156972810,
3156973540,
3156974248,
3156974964,
3156975674,
3156976381,
3156977088,
3156977818,
3156978550,
3156979282,
3156980013,
3156980745,
3156981466,
3156982172,
3156982879,
3156983585,
3156984333,
3156985042,
3156985790,
3156986545,
3156987300,
3156988056,
3156988811,
3156989554,
3156990286,
3156991018,
3156991749,
3156992481,
3156993213,
3156993945,
3156994677,
3156995420,
3156996154,
3156996886,
3156997617,
3156998349,
3156999081,
3156999812,
3157000544,
3157001280,
3157002037,
3157002791,
3157003546,
3157004301,
3157005058,
3157005813,
3157006568,
3157007323,
3157008077,
3157008832,
3157009559,
3157010265,
3157010972,
3157011678,
3157012384,
3157013091,
3157013821,
3157014552,
3157015293,
3157016027,
3157016759,
3157017491,
3157018222,
3157018954,
3157019686,
3157020418,
3157021150,
3157021905,
3157022659,
3157023414,
3157024169,
3157024925,
3157025664,
3157026395,
3157027127,
3157027859,
3157028591,
3157029323,
3157030055,
3157030787,
3157031519,
3157032250,
3157032982,
3157033715,
3157034447,
3157035187,
3157035921,
3157036653,
3157037385,
3157038117,
3157038849,
3157039581,
3157040313,
3157041045,
3157041798,
3157042553,
3157043309,
3157044064,
3157044819,
3157045548,
3157046254,
3157046961,
3157047668,
3157048375,
3157049087,
3157049820,
3157050552,
3157051284,
3157052016,
3157052748,
3157053480,
3157054211,
3157054943,
3157055675,
3157056407,
3157057139,
3157057870,
3157058602,
3157059335,
3157060067,
3157060799,
3157061544,
3157062299,
3157063054,
3157063808,
3157064563,
3157065312,
3157066044,
3157066778,
3157067510,
3157068242,
3157068985,
3157069720,
3157070452,
3157071184,
3157071916,
3157072648,
3157073370,
3157074077,
3157074783,
3157075489,
3157076195,
3157076901,
3157077625,
3157078358,
3157079091,
3157079823,
3157080554,
3157081292,
3157082047,
3157082802,
3157083556,
3157084311,
3157085066,
3157085799,
3157086530,
3157087261,
3157087993,
3157088725,
3157089466,
3157090199,
3157090933,
3157091665,
3157092396,
3157093128,
3157093860,
3157094591,
3157095323,
3157096055,
3157096787,
3157097519,
3157098250,
3157098984,
3157099716,
3157100448,
3157101182,
3157101938,
3157102693,
3157103448,
3157104202,
3157104957,
3157105694,
3157106426,
3157107159,
3157107891,
3157108622,
3157109362,
3157110096,
3157110833,
3157111568,
3157112300,
3157113040,
3157113778,
3157114511,
3157115244,
3157115977,
3157116708,
3157117428,
3157118135,
3157118842,
3157119549,
3157120256,
3157120964,
3157121712,
3157122468,
3157123222,
3157123977,
3157124732,
3157125474,
3157126206,
3157126937,
3157127669,
3157128400,
3157129144,
3157129879,
3157130611,
3157131343,
3157132074,
3157132805,
3157133537,
3157134268,
3157135000,
3157135731,
3157136463,
3157137195,
3157137927,
3157138658,
3157139393,
3157140125,
3157140857,
3157141606,
3157142360,
3157143115,
3157143870,
3157144625,
3157145379,
3157146135,
3157146890,
3157147644,
3157148399,
3157149163,
3157149898,
3157150630,
3157151362,
3157152094,
3157152825,
3157153558,
3157154290,
3157155021,
3157155753,
3157156485,
3157157217,
3157157948,
3157158680,
3157159412,
3157160144,
3157160876,
3157161625,
3157162381,
3157163136,
3157163891,
3157164647,
3157165392,
3157166123,
3157166855,
3157167587,
3157168319,
3157169059,
3157169796,
3157170529,
3157171262,
3157171994,
3157172726,
3157173445,
3157174152,
3157174858,
3157175565,
3157176271,
3157176978,
3157177708,
3157178439,
3157179172,
3157179904,
3157180635,
3157181378,
3157182132,
3157182887,
3157183643,
3157184397,
3157185151,
3157185906,
3157186661,
3157187417,
3157188172,
3157188927,
3157189674,
3157190407,
3157191140,
3157191871,
3157192603,
3157193334,
3157194066,
3157194797,
3157195529,
3157196261,
3157196993,
3157197725,
3157198457,
3157199190,
3157199922,
3157200654,
3157201397,
3157202153,
3157202908,
3157203663,
3157204418,
3157205173,
3157205927,
3157206683,
3157207463,
3157208223,
3157208979,
3157209712,
3157210445,
3157211178,
3157211910,
3157212642,
3157213373,
3157214105,
3157214837,
3157215569,
3157216301,
3157217034,
3157217766,
3157218498,
3157219230,
3157219962,
3157220694,
3157221439,
3157222194,
3157222949,
3157223703,
3157224459,
3157225214,
3157225968,
3157226723,
3157227491,
3157228248,
3157229003,
3157229736,
3157230468,
3157231200,
3157231932,
3157232664,
3157233382,
3157234089,
3157234796,
3157235503,
3157236210,
3157236918,
3157237667,
3157238421,
3157239176,
3157239931,
3157240686,
3157241414,
3157242120,
3157242826,
3157243533,
3157244240,
3157244947,
3157245677,
3157246409,
3157247150,
3157247884,
3157248616,
3157249348,
3157250080,
3157250812,
3157251544,
3157252276,
3157253008,
3157253740,
3157254472,
3157255204,
3157255936,
3157256668,
3157257414,
3157258169,
3157258925,
3157259681,
3157260436,
3157261185,
3157261917,
3157262649,
3157263381,
3157264113,
3157264844,
3157265576,
3157266308,
3157267052,
3157267787,
3157268519,
3157269251,
3157269983,
3157270714,
3157271446,
3157272178,
3157272910,
3157273643,
3157274375,
3157275107,
3157275839,
3157276571,
3157277314,
3157278070,
3157278824,
3157279579,
3157280334,
3157281086,
3157281818,
3157282549,
3157283282,
3157284014,
3157284747,
3157287174,
3157287910,
3157288643,
3157289388,
3157290144,
3157290899,
3157291654,
3157292410,
3157293159,
3157293891,
3157294623,
3157295356,
3157296089,
3157296821,
3157297573,
3157298330,
3157299085,
3157299840,
3157300596,
3157301328,
3157302035,
3157302742,
3157303449,
3157304156,
3157304863,
3157305591,
3157306323,
3157307064,
3157307800,
3157308532,
3157309254,
3157309961,
3157310669,
3157311376,
3157312083,
3157312789,
3157313533,
3157314287,
3157315043,
3157315797,
3157316552,
3157317298,
3157318030,
3157318762,
3157319494,
3157320246,
3157320980,
3157321736,
3157322491,
3157323246,
3157324001,
3157324755,
3157325494,
3157326226,
3157326958,
3157327689,
3157328421,
3157329153,
3157329887,
3157330619,
3157331351,
3157332083,
3157332815,
3157333546,
3157334279,
3157335012,
3157335744,
3157336476,
3157337216,
3157337971,
3157338727,
3157339482,
3157340247,
3157341005,
3157341760,
3157342515,
3157343270,
3157344025,
3157344781,
3157345518,
3157346250,
3157346982,
3157347714,
3157348446,
3157349177,
3157349911,
3157350643,
3157351374,
3157352106,
3157352838,
3157353591,
3157354347,
3157355102,
3157355857,
3157356612,
3157357367,
3157358122,
3157358878,
3157359633,
3157360427,
3157361177,
3157361909,
3157362642,
3157363374,
3157364106,
3157364838,
3157365591,
3157366346,
3157367102,
3157367858,
3157368613,
3157369355,
3157370089,
3157370821,
3157371553,
3157372285,
3157373020,
3157373776,
3157374531,
3157375286,
3157376041,
3157376797,
3157377552,
3157378308,
3157379063,
3157379830,
3157380591,
3157381334,
3157382067,
3157382799,
3157383531,
3157384263,
3157384999,
3157385755,
3157386511,
3157387266,
3157388020,
3157388776,
3157389512,
3157390245,
3157390977,
3157391709,
3157392441,
3157393173,
3157393905,
3157394637,
3157395369,
3157396101,
3157396833,
3157397586,
3157398341,
3157399096,
3157399863,
3157400621,
3157401363,
3157402095,
3157402827,
3157403559,
3157404293,
3157405026,
3157405758,
3157406490,
3157407222,
3157407954,
3157408686,
3157409418,
3157410152,
3157410884,
3157411616,
3157412348,
3157413086,
3157413841,
3157414597,
3157415351,
3157416106,
3157416862,
3157417595,
3157418328,
3157419060,
3157419796,
3157420539,
3157421271,
3157422003,
3157422736,
3157423468,
3157424201,
3157424933,
3157425665,
3157426398,
3157427131,
3157427864,
3157428597,
3157429328,
3157430061,
3157430794,
3157431526,
3157432258,
3157432995,
3157433750,
3157434505,
3157435260,
3157436016,
3157436771,
3157437513,
3157438247,
3157438979,
3157439711,
3157440443,
3157441183,
3157441917,
3157442650,
3157443382,
3157444114,
3157444847,
3157445579,
3157446311,
3157447044,
3157447776,
3157448508,
3157449240,
3157449972,
3157450719,
3157451454,
3157452188,
3157452922,
3157453678,
3157454434,
3157455189,
3157455944,
3157456699,
3157457437,
3157458169,
3157458901,
3157459633,
3157460366,
3157461097,
3157461829,
3157462561,
3157463292,
3157464024,
3157464756,
3157465487,
3157466219,
3157466950,
3157467682,
3157468413,
3157469146,
3157469877,
3157470618,
3157471353,
3157472085,
3157472817,
3157473570,
3157474325,
3157475081,
3157475836,
3157476593,
3157477317,
3157478024,
3157478731,
3157479438,
3157480145,
3157480853,
3157481586,
3157482318,
3157483049,
3157483781,
3157484513,
3157485245,
3157485977,
3157486709,
3157487440,
3157488172,
3157488904,
3157489636,
3157490380,
3157491114,
3157491847,
3157492579,
3157493325,
3157494080,
3157494835,
3157495590,
3157496345,
3157497092,
3157497825,
3157498557,
3157499289,
3157500021,
3157500756,
3157501487,
3157502219,
3157502951,
3157503682,
3157504414,
3157505160,
3157505893,
3157506626,
3157507358,
3157508090,
3157508821,
3157509553,
3157510294,
3157511045,
3157511781,
3157512514,
3157513260,
3157514015,
3157514771,
3157515527,
3157516281,
3157517031,
3157517764,
3157518496,
3157519228,
3157519960,
3157520692,
3157521443,
3157522199,
3157522954,
3157523710,
3157524465,
3157525211,
3157525943,
3157526675,
3157527407,
3157528139,
3157528871,
3157529604,
3157530345,
3157531080,
3157531813,
3157532545,
3157533291,
3157534046,
3157534802,
3157535557,
3157536312,
3157537060,
3157537791,
3157538524,
3157539256,
3157539988,
3157540722,
3157541455,
3157542187,
3157542918,
3157543650,
3157544383,
3157545124,
3157545880,
3157546636,
3157547391,
3157548146,
3157548899,
3157549631,
3157550372,
3157551108,
3157551840,
3157552572,
3157553319,
3157554074,
3157554829,
3157555585,
3157556340,
3157557078,
3157557786,
3157558493,
3157559199,
3157559906,
3157560614,
3157561339,
3157562072,
3157562804,
3157563536,
3157564269,
3157564995,
3157565703,
3157566410,
3157567117,
3157567824,
3157568531,
3157569253,
3157569986,
3157570726,
3157571460,
3157572192,
3157572929,
3157573684,
3157574439,
3157575194,
3157575950,
3157576705,
3157577460,
3157578216,
3157578977,
3157579734,
3157580491,
3157581219,
3157581925,
3157582632,
3157583338,
3157584046,
3157584753,
3157585483,
3157586215,
3157586947,
3157587679,
3157588410,
3157589181,
3157589915,
3157590656,
3157591390,
3157592123,
3157592857,
3157593612,
3157594367,
3157595122,
3157595877,
3157596632,
3157597369,
3157598101,
3157598832,
3157599564,
3157600295,
3157601021,
3157601728,
3157602434,
3157603141,
3157603848,
3157604555,
3157605278,
3157606010,
3157606742,
3157607474,
3157608206,
3157608938,
3157609670,
3157610413,
3157611149,
3157611881,
3157612613,
3157613365,
3157614120,
3157614874,
3157615629,
3157616384,
3157617128,
3157617860,
3157618592,
3157619324,
3157620056,
3157620789,
3157621521,
3157622253,
3157622984,
3157623716,
3157624448,
3157625167,
3157625873,
3157626579,
3157627287,
3157627993,
3157628699,
3157629429,
3157630162,
3157630902,
3157631636,
3157632368,
3157633110,
3157633865,
3157634620,
3157635375,
3157636130,
3157636882,
3157637615,
3157638347,
3157639080,
3157639812,
3157640546,
3157641277,
3157642009,
3157642741,
3157643473,
3157644205,
3157644936,
3157645668,
3157646400,
3157647132,
3157647863,
3157648596,
3157649346,
3157650101,
3157650866,
3157651624,
3157652379,
3157653123,
3157653855,
3157654588,
3157655319,
3157656051,
3157656783,
3157657516,
3157658248,
3157658979,
3157659711,
3157660444,
3157661176,
3157661909,
3157662640,
3157663373,
3157664104,
3157664836,
3157665567,
3157666300,
3157667032,
3157667763,
3157668495,
3157669243,
3157669998,
3157670761,
3157671517,
3157672273,
3157673028,
3157673784,
3157674539,
3157675294,
3157676050,
3157676804,
3157677536,
3157678267,
3157678999,
3157679732,
3157680465,
3157681197,
3157681929,
3157682661,
3157683393,
3157684125,
3157684857,
3157685590,
3157686322,
3157687054,
3157687787,
3157688519,
3157689252,
3157689984,
3157690724,
3157691457,
3157692190,
3157692927,
3157693683,
3157694438,
3157695193,
3157695948,
3157696703,
3157697436,
3157698168,
3157698901,
3157699633,
3157700365,
3157701098,
3157701830,
3157702562,
3157703294,
3157704025,
3157704757,
3157705489,
3157706221,
3157706953,
3157707685,
3157708416,
3157709148,
3157709881,
3157710624,
3157711360,
3157712092,
3157712828,
3157713583,
3157714338,
3157715093,
3157715848,
3157716603,
3157717339,
3157718071,
3157718803,
3157719535,
3157720266,
3157720999,
3157721731,
3157722463,
3157723195,
3157723927,
3157724659,
3157725390,
3157726122,
3157726854,
3157727586,
3157728318,
3157729049,
3157729781,
3157730514,
3157731259,
3157731991,
3157732724,
3157733481,
3157734236,
3157734991,
3157735746,
3157736502,
3157737240,
3157737972,
3157738705,
3157739436,
3157740168,
3157740913,
3157741672,
3157742426,
3157743182,
3157743937,
3157744692,
3157745447,
3157746202,
3157746956,
3157747711,
3157748466,
3157749206,
3157749938,
3157750669,
3157751402,
3157752134,
3157752866,
3157753598,
3157754329,
3157755061,
3157755793,
3157756524,
3157757255,
3157757989,
3157758721,
3157759453,
3157760185,
3157760926,
3157761661,
3157762394,
3157763126,
3157763859,
3157764591,
3157765343,
3157766098,
3157766854,
3157767609,
3157768364,
3157769093,
3157769800,
3157770507,
3157771223,
3157771931,
3157772638,
3157773369,
3157774101,
3157774832,
3157775564,
3157776296,
3157777028,
3157777760,
3157778492,
3157779223,
3157779955,
3157780688,
3157781446,
3157782201,
3157782981,
3157783739,
3157784495,
3157785250,
3157786005,
3157786761,
3157787517,
3157788272,
3157789017,
3157789749,
3157790481,
3157791212,
3157791945,
3157792676,
3157793410,
3157794142,
3157794874,
3157795606,
3157796339,
3157797071,
3157797803,
3157798536,
3157799268,
3157800000,
3157800732,
3157801464,
3157802195,
3157802936,
3157803672,
3157804404,
3157805150,
3157805906,
3157806661,
3157807416,
3157808171,
3157808918,
3157809650,
3157810382,
3157811114,
3157811845,
3157812577,
3157813350,
3157814126,
3157814901,
3157815677,
3157816453,
3157817197,
3157817929,
3157818661,
3157819392,
3157820125,
3157820871,
3157821646,
3157822422,
3157823206,
3157823984,
3157824759,
3157825535,
3157826310,
3157827087,
3157827864,
3157828639,
3157829414,
3157830190,
3157830965,
3157831741,
3157832516,
3157833293,
3157834069,
3157834845,
3157835620,
3157836396,
3157837158,
3157837913,
3157838668,
3157839422,
3157840177,
3157840932,
3157841687,
3157842443,
3157843207,
3157843965,
3157844720,
3157845476,
3157846231,
3157846990,
3157847747,
3157848502,
3157849258,
3157850013,
3157850768,
3157851525,
3157852280,
3157853048,
3157853824,
3157854600,
3157855376,
3157856151,
3157856919,
3157857674,
3157858429,
3157859184,
3157859939,
3157860696,
3157861471,
3157862246,
3157863031,
3157863809,
3157864585,
3157865341,
3157866097,
3157866853,
3157867609,
3157868363,
3157869118,
3157869874,
3157870630,
3157871385,
3157872140,
3157872904,
3157873680,
3157874455,
3157875230,
3157876007,
3157876779,
3157877534,
3157878290,
3157879045,
3157879800,
3157880555,
3157881328,
3157882104,
3157882891,
3157883670,
3157884446,
3157885206,
3157885962,
3157886717,
3157887472,
3157888227,
3157888982,
3157889737,
3157890491,
3157891246,
3157892001,
3157892761,
3157894157,
3157894935,
3157895712,
3157896488,
3157897263,
3157898038,
3157898814,
3157899590,
3157900366,
3157901127,
3157901882,
3157902637,
3157903401,
3157904160,
3157904915,
3157905670,
3157906426,
3157907181,
3157907936,
3157908691,
3157909446,
3157910201,
3157910957,
3157911712,
3157912467,
3157913239,
3157914016,
3157914792,
3157915567,
3157916343,
3157917105,
3157917861,
3157918616,
3157919371,
3157920126,
3157920882,
3157921637,
3157922392,
3157923173,
3157923932,
3157924687,
3157925443,
3157926198,
3157926954,
3157927709,
3157928464,
3157929237,
3157930013,
3157930788,
3157931563,
3157932339,
3157933117,
3157933893,
3157934669,
3157935443,
3157936219,
3157936984,
3157937738,
3157938494,
3157939249,
3157940004,
3157940759,
3157941514,
3157942270,
3157943037,
3157943797,
3157944553,
3157945309,
3157946064,
3157946819,
3157947574,
3157948330,
3157949085,
3157949840,
3157950621,
3157951379,
3157952135,
3157952899,
3157953675,
3157954451,
3157955227,
3157956003,
3157956773,
3157957529,
3157958283,
3157959039,
3157959794,
3157960550,
3157961305,
3157962061,
3157962816,
3157963580,
3157964338,
3157965093,
3157965847,
3157966603,
3157967357,
3157968113,
3157968867,
3157969622,
3157970377,
3157971131,
3157971885,
3157972643,
3157973420,
3157974197,
3157974973,
3157975748,
3157976524,
3157977280,
3157978035,
3157978790,
3157979545,
3157980300,
3157981055,
3157981811,
3157982565,
3157983330,
3157984087,
3157984843,
3157985597,
3157986353,
3157987109,
3157987864,
3157988619,
3157989373,
3157990129,
3157990884,
3157991639,
3157992394,
3157993167,
3157993942,
3157994718,
3157995493,
3157996268,
3157997031,
3157997787,
3157998542,
3157999297,
3158000051,
3158000806,
3158001561,
3158002316,
3158003082,
3158003841,
3158004596,
3158005351,
3158006106,
3158006862,
3158007617,
3158008372,
3158009127,
3158009883,
3158010637,
3158011392,
3158012148,
3158012913,
3158013690,
3158014465,
3158015241,
3158016016,
3158016785,
3158017540,
3158018295,
3158019050,
3158019804,
3158020560,
3158021344,
3158022132,
3158022909,
3158023697,
3158024474,
3158025232,
3158025987,
3158026743,
3158027498,
3158028253,
3158029008,
3158029763,
3158030518,
3158031272,
3158032029,
3158032790,
3158033565,
3158034340,
3158035116,
3158035891,
3158036663,
3158037417,
3158038172,
3158038927,
3158039682,
3158040437,
3158041192,
3158041948,
3158042703,
3158043465,
3158044222,
3158044977,
3158045733,
3158046488,
3158047244,
3158047999,
3158048761,
3158049536,
3158050312,
3158051087,
3158051863,
3158052638,
3158053415,
3158054190,
3158054966,
3158055741,
3158056517,
3158057272,
3158058026,
3158058781,
3158059535,
3158060291,
3158061046,
3158061801,
3158062556,
3158063320,
3158064077,
3158064832,
3158065587,
3158066341,
3158067096,
3158067852,
3158068607,
3158069362,
3158070118,
3158070873,
3158071627,
3158072382,
3158073156,
3158073932,
3158074707,
3158075483,
3158076258,
3158077020,
3158077775,
3158078529,
3158079284,
3158080038,
3158080793,
3158081548,
3158082304,
3158083059,
3158083826,
3158084582,
3158085337,
3158086093,
3158086848,
3158087604,
3158088359,
3158089114,
3158089869,
3158090624,
3158091379,
3158092134,
3158092900,
3158093677,
3158094452,
3158095228,
3158096003,
3158096778,
3158097553,
3158098328,
3158099104,
3158099879,
3158100651,
3158101414,
3158102171,
3158102926,
3158103681,
3158104437,
3158105192,
3158105947,
3158106702,
3158107458,
3158108213,
3158108987,
3158109765,
3158110539,
3158111317,
3158112092,
3158112867,
3158113642,
3158114418,
3158115194,
3158115969,
3158116745,
3158117522,
3158118297,
3158119072,
3158119847,
3158120622,
3158121408,
3158122186,
3158122962,
3158123737,
3158124512,
3158125287,
3158126062,
3158126837,
3158127613,
3158128389,
3158129165,
3158129940,
3158130716,
3158131492,
3158132267,
3158133043,
3158133818,
3158134594,
3158135369,
3158136144,
3158136907,
3158137662,
3158138417,
3158139172,
3158139927,
3158140688,
3158141473,
3158142253,
3158143029,
3158143804,
3158144579,
3158145355,
3158146130,
3158146906,
3158147681,
3158148456,
3158149232,
3158150007,
3158150782,
3158151559,
3158152334,
3158153124,
3158153916,
3158154709,
3158155502,
3158156293,
3158157056,
3158157812,
3158158567,
3158159321,
3158160076,
3158160831,
3158161595,
3158162352,
3158163107,
3158163862,
3158164623,
3158165398,
3158166176,
3158166951,
3158167727,
3158168502,
3158169278,
3158170053,
3158170829,
3158171606,
3158172381,
3158173157,
3158173933,
3158174709,
3158175484,
3158176260,
3158177020,
3158177775,
3158178530,
3158179285,
3158180040,
3158180805,
3158181589,
3158182367,
3158183143,
3158183919,
3158184688,
3158185442,
3158186198,
3158186952,
3158187707,
3158188462,
3158189217,
3158189973,
3158190728,
3158191484,
3158192238,
3158193009,
3158193784,
3158194559,
3158195335,
3158196110,
3158196860,
3158197592,
3158198324,
3158199055,
3158199789,
3158200524,
3158201288,
3158202045,
3158202801,
3158203556,
3158204311,
3158205066,
3158205821,
3158206619,
3158207376,
3158208131,
3158208887,
3158209642,
3158210396,
3158211153,
3158211908,
3158212670,
3158213446,
3158214224,
3158214999,
3158215775,
3158216547,
3158217302,
3158218057,
3158218812,
3158219568,
3158220323,
3158221079,
3158221848,
3158222604,
3158223359,
3158224113,
3158224868,
3158225624,
3158226379,
3158227135,
3158227890,
3158228645,
3158229400,
3158230155,
3158230910,
3158231666,
3158232422,
3158233198,
3158233973,
3158234748,
3158235524,
3158236300,
3158237058,
3158237815,
3158238570,
3158239325,
3158240080,
3158240835,
3158241599,
3158242357,
3158243184,
3158243974,
3158244733,
3158245490,
3158246245,
3158247000,
3158247756,
3158248511,
3158249266,
3158250021,
3158250777,
3158251533,
3158252289,
3158253062,
3158253838,
3158254613,
3158255389,
3158256164,
3158256926,
3158257680,
3158258435,
3158259190,
3158259945,
3158260700,
3158261466,
3158262225,
3158262981,
3158263735,
3158264493,
3158265268,
3158266043,
3158266819,
3158267595,
3158268369,
3158269145,
3158269920,
3158270695,
3158271472,
3158272247,
3158273006,
3158273762,
3158274517,
3158275272,
3158276027,
3158276782,
3158277537,
3158278292,
3158279047,
3158279802,
3158280556,
3158281325,
3158282083,
3158282838,
3158283594,
3158284349,
3158285125,
3158285903,
3158286679,
3158287454,
3158288230,
3158289005,
3158289781,
3158290557,
3158291333,
3158292109,
3158292871,
3158293626,
3158294381,
3158295148,
3158295907,
3158296662,
3158297417,
3158298173,
3158298929,
3158299684,
3158300439,
3158301193,
3158301948,
3158302703,
3158303458,
3158304213,
3158304986,
3158305762,
3158306537,
3158307313,
3158308089,
3158308864,
3158309641,
3158310416,
3158311192,
3158311967,
3158312733,
3158313488,
3158314244,
3158315012,
3158315770,
3158316526,
3158317281,
3158318036,
3158318791,
3158319547,
3158320302,
3158321057,
3158321812,
3158322567,
3158323322,
3158324077,
3158324847,
3158325623,
3158326399,
3158327174,
3158327950,
3158328725,
3158329501,
3158330276,
3158331052,
3158331828,
3158332597,
3158333352,
3158334108,
3158334871,
3158335632,
3158336387,
3158337142,
3158337897,
3158338652,
3158339408,
3158340163,
3158340934,
3158341710,
3158342484,
3158343259,
3158344036,
3158344812,
3158345589,
3158346364,
3158347139,
3158347914,
3158348690,
3158349465,
3158350254,
3158351032,
3158351808,
3158352577,
3158353332,
3158354087,
3158354842,
3158355597,
3158356351,
3158357106,
3158357862,
3158358618,
3158359372,
3158360129,
3158360883,
3158361638,
3158362393,
3158363148,
3158363903,
3158364667,
3158365443,
3158366218,
3158366994,
3158367770,
3158368545,
3158369320,
3158370105,
3158370884,
3158371660,
3158372433,
3158373188,
3158373943,
3158374698,
3158375452,
3158376208,
3158376995,
3158377787,
3158378580,
3158379372,
3158380166,
3158380945,
3158381721,
3158382497,
3158383272,
3158384047,
3158384809,
3158385564,
3158386319,
3158387074,
3158387829,
3158388583,
3158389338,
3158390102,
3158390859,
3158391614,
3158392369,
3158393124,
3158393880,
3158394634,
3158395389,
3158396144,
3158396916,
3158397691,
3158398467,
3158399242,
3158400019,
3158400794,
3158401569,
3158402345,
3158403120,
3158403895,
3158404661,
3158405415,
3158406172,
3158406927,
3158407682,
3158408437,
3158409192,
3158409957,
3158410714,
3158411469,
3158412224,
3158412980,
3158413735,
3158414490,
3158415245,
3158416000,
3158416769,
3158417545,
3158418321,
3158419097,
3158419874,
3158420650,
3158421425,
3158422201,
3158422977,
3158423753,
3158424522,
3158425277,
3158426032,
3158426786,
3158427541,
3158428296,
3158429050,
3158429817,
3158430576,
3158431339,
3158432095,
3158432866,
3158433642,
3158434417,
3158435192,
3158435968,
3158436743,
3158437518,
3158438294,
3158439070,
3158439846,
3158440622,
3158441397,
3158442172,
3158442947,
3158443722,
3158444491,
3158445298,
3158446063,
3158446819,
3158447573,
3158448327,
3158449081,
3158449834,
3158450588,
3158451341,
3158452094,
3158452848,
3158453601,
3158454354,
3158455109,
3158455862,
3158456625,
3158457398,
3158458172,
3158458946,
3158459719,
3158460492,
3158461265,
3158462038,
3158462811,
3158463584,
3158464355,
3158465109,
3158465862,
3158466615,
3158467367,
3158468120,
3158468873,
3158469659,
3158470415,
3158471168,
3158471922,
3158472675,
3158473427,
3158474180,
3158474933,
3158475686,
3158476444,
3158477217,
3158477990,
3158478764,
3158479539,
3158480312,
3158481085,
3158481858,
3158482631,
3158483404,
3158484177,
3158484933,
3158485685,
3158486438,
3158487191,
3158487943,
3158488696,
3158489450,
3158490203,
3158490955,
3158491708,
3158492460,
3158493229,
3158493983,
3158494736,
3158495489,
3158496242,
3158497014,
3158497787,
3158498561,
3158499334,
3158500107,
3158500864,
3158501617,
3158502369,
3158503124,
3158503877,
3158504629,
3158505382,
3158506134,
3158506887,
3158507640,
3158508397,
3158509170,
3158509943,
3158510717,
3158511490,
3158512262,
3158513015,
3158513770,
3158514522,
3158515275,
3158516028,
3158516809,
3158517626,
3158518420,
3158519758,
3158520548,
3158521324,
3158522101,
3158522876,
3158523653,
3158524429,
3158525204,
3158525979,
3158526755,
3158527532,
3158528306,
3158529061,
3158529817,
3158530572,
3158531328,
3158532084,
3158532839,
3158533594,
3158534348,
3158535103,
3158535858,
3158536623,
3158537407,
3158538185,
3158538960,
3158539736,
3158540505,
3158541268,
3158542025,
3158542781,
3158543537,
3158544292,
3158545048,
3158545803,
3158546559,
3158547316,
3158548072,
3158548828,
3158549583,
3158550338,
3158551094,
3158551849,
3158552604,
3158553359,
3158554114,
3158554869,
3158555623,
3158556383,
3158557169,
3158557948,
3158558725,
3158559500,
3158560275,
3158561030,
3158561785,
3158562540,
3158563294,
3158564049,
3158564804,
3158565559,
3158566313,
3158567070,
3158567826,
3158568582,
3158569336,
3158570091,
3158570846,
3158571602,
3158572357,
3158573111,
3158573866,
3158574621,
3158575376,
3158576131,
3158576904,
3158577689,
3158578467,
3158579242,
3158580018,
3158580778,
3158581533,
3158582288,
3158583043,
3158583798,
3158584553,
3158585308,
3158586063,
3158586818,
3158587574,
3158588329,
3158589084,
3158589839,
3158590593,
3158591349,
3158592104,
3158592859,
3158593614,
3158594369,
3158595124,
3158595879,
3158596634,
3158597402,
3158598159,
3158598915,
3158599670,
3158600425,
3158601180,
3158601934,
3158602689,
3158603444,
3158604199,
3158604954,
3158605709,
3158606464,
3158607220,
3158607975,
3158608730,
3158609485,
3158610240,
3158610995,
3158611750,
3158612506,
3158613261,
3158614016,
3158614770,
3158615527,
3158616285,
3158617061,
3158617844,
3158618622,
3158619398,
3158620173,
3158620949,
3158621725,
3158622500,
3158623275,
3158624050,
3158624827,
3158625602,
3158626377,
3158627152,
3158627929,
3158628691,
3158629446,
3158630201,
3158630956,
3158631711,
3158632466,
3158633221,
3158633976,
3158634731,
3158635486,
3158636243,
3158637019,
3158637804,
3158638582,
3158639363,
3158640140,
3158640896,
3158641652,
3158642407,
3158643162,
3158643917,
3158644673,
3158645428,
3158646183,
3158646937,
3158647693,
3158648448,
3158649203,
3158649958,
3158650713,
3158651467,
3158652222,
3158652977,
3158653732,
3158654488,
3158655242,
3158655997,
3158656768,
3158657554,
3158658331,
3158659107,
3158659883,
3158660631,
3158661363,
3158662095,
3158662826,
3158663559,
3158664296,
3158665051,
3158665806,
3158666561,
3158667318,
3158668073,
3158668828,
3158669583,
3158670337,
3158671092,
3158671847,
3158672601,
3158673357,
3158674112,
3158674868,
3158675634,
3158676390,
3158677145,
3158677901,
3158678656,
3158679411,
3158680167,
3158680943,
3158681718,
3158682493,
3158683268,
3158684043,
3158684801,
3158685557,
3158686312,
3158687066,
3158687823,
3158688578,
3158689333,
3158690088,
3158690843,
3158691598,
3158692360,
3158693135,
3158693911,
3158694686,
3158695472,
3158696250,
3158697025,
3158697801,
3158698577,
3158699352,
3158700127,
3158700882,
3158701637,
3158702392,
3158703147,
3158703902,
3158704658,
3158705414,
3158706169,
3158706924,
3158707678,
3158708433,
3158709188,
3158709943,
3158710698,
3158711454,
3158712212,
3158712988,
3158713763,
3158714538,
3158715323,
3158716100,
3158716875,
3158717651,
3158718427,
3158719202,
3158719977,
3158720736,
3158721492,
3158722246,
3158723001,
3158723757,
3158724512,
3158725268,
3158726023,
3158726778,
3158727533,
3158728287,
3158729042,
3158729798,
3158730552,
3158731307,
3158732061,
3158732816,
3158733571,
3158734326,
3158735093,
3158735852,
3158736621,
3158737396,
3158738171,
3158738947,
3158739722,
3158740487,
3158741242,
3158741997,
3158742751,
3158743507,
3158744262,
3158745019,
3158745774,
3158746529,
3158747284,
3158748039,
3158748793,
3158749549,
3158750304,
3158751059,
3158751814,
3158752569,
3158753324,
3158754079,
3158754834,
3158755598,
3158756362,
3158757138,
3158757913,
3158758689,
3158759465,
3158760237,
3158760991,
3158761763,
3158762520,
3158763275,
3158764030,
3158764785,
3158765541,
3158766297,
3158767052,
3158767807,
3158768562,
3158769318,
3158770073,
3158770829,
3158771584,
3158772339,
3158773093,
3158773847,
3158774603,
3158775366,
3158776124,
3158776900,
3158777676,
3158778452,
3158779228,
3158780003,
3158780761,
3158781516,
3158782272,
3158783027,
3158783784,
3158784526,
3158785259,
3158785991,
3158786723,
3158787455,
3158788190,
3158788945,
3158789700,
3158790454,
3158791210,
3158791964,
3158792719,
3158793474,
3158794229,
3158794984,
3158795752,
3158796508,
3158797264,
3158798019,
3158798775,
3158799530,
3158800285,
3158801040,
3158801796,
3158802551,
3158803306,
3158804062,
3158804794,
3158805527,
3158806260,
3158806992,
3158807725,
3158808457,
3158809190,
3158809922,
3158810654,
3158811386,
3158812118,
3158812850,
3158813581,
3158814313,
3158815045,
3158815790,
3158816538,
3158817294,
3158818049,
3158818804,
3158819559,
3158820314,
3158821070,
3158821825,
3158822579,
3158823334,
3158824088,
3158824843,
3158825599,
3158826354,
3158827109,
3158827863,
3158828619,
3158829373,
3158838031,
3158838789,
3158839544,
3158840300,
3158841055,
3158841810,
3158842565,
3158843320,
3158844076,
3158844831,
3158845586,
3158846341,
3158847096,
3158847853,
3158848608,
3158849363,
3158850117,
3158850872,
3158851626,
3158852381,
3158853136,
3158853891,
3158854646,
3158855411,
3158856171,
3158856947,
3158857723,
3158858498,
3158859274,
3158860049,
3158860803,
3158861559,
3158862315,
3158863070,
3158863825,
3158864580,
3158865336,
3158866091,
3158866846,
3158867601,
3158868356,
3158869111,
3158869865,
3158870620,
3158871374,
3158872129,
3158872884,
3158873639,
3158874393,
3158875151,
3158875918,
3158876692,
3158877467,
3158878243,
3158879019,
3158879794,
3158880555,
3158881310,
3158882065,
3158882821,
3158883576,
3158884331,
3158885086,
3158885844,
3158886600,
3158887355,
3158888110,
3158888865,
3158889619,
3158890375,
3158891130,
3158891885,
3158892641,
3158893396,
3158894151,
3158894907,
3158895671,
3158896440,
3158897216,
3158897991,
3158898767,
3158899542,
3158900310,
3158901065,
3158901819,
3158902574,
3158903330,
3158904085,
3158904840,
3158905596,
3158906351,
3158907106,